,0
0,@Aimee9834 I was wondering if it is worth going to see in the movie theater. Florence Pugh is so good in her roles; I'm not sure about Harry Styles bc I haven't seen him in an acting role. I've heard that the script was modified in a way that made the movie's ending make less sense. ü§∑‚Äç‚ôÄÔ∏è
1,RT @JuneLaney: Are you a practicing school psychologist who spends at least 10% of your time engaged in consultation in schools? Please tak‚Ä¶
2,"RT @sarabmei: Hi friends! As grad app season (and sweather weather!) is upon us again, I just wanted to acknowledge the difficulties in thi‚Ä¶"
3,"@DrMarinaHarris Recently, I've seen ppl asking about personal statements &amp; disclosure of their lived experiences (w/#mentalhealth conditions). Will disclosure be a ""kiss of death"" on an application due to stigma/discrimination? A post on LE among those in the mental health fields could be great!"
4,RT @AdultingADHD: Never thought me talking into the ether about adulting with ADHD online would‚Äôve led to me speaking at conferences and to‚Ä¶
5,"If there are #SchoolPsychology grad school application resources I can link to my new blog post, please let me know! #gradschool #schoolpsych 

Applying to School Psych Master's/Specialist Programs? https://t.co/1Q0InCV7mN"
6,"@AllanGCooper Many ""mental health"" conditions also have physical effects (e.g., somatic symptoms). I think #bipolar can be targeted holistically from both #mentalhealth (e.g., psychoeducation; therapy, like learning coping mechanisms) *and* physical health angles (sleep hygiene; nutrition)."
7,@SchoolPsychLife @KristenDHopkins @BlackSELHub Congratulations!!!
8,"RT @JSchleiderPhD: ü§Ø Our lab is in @WSJ!!

Ft words from me, work by our team (incl a preprint led by @jennaysung!) &amp; research from colleag‚Ä¶"
9,@DystOptimist The color pencils I was using are NOT ones I can smudge/blend... which I found out too late. Lol.
10,@LA_NativeChica Thank you! I was struggling because I realized that the colors don't smoothly blend/smear like the pencil (so the skin was becoming a hot mess and I couldn't undo it)... Do you know of colored pencils that blend/smear nicely like charcoal/pencil? Is that a thing?
11,I tried to add color to the drawing and I think I made it worse. üòÇ https://t.co/NdHijATdrw
12,@LA_NativeChica I think it's great for getting the proportions right!
13,"RT @SylviaHerbozo: I‚Äôll be offering a free CV workshop for grad students and post docs next week.

Monday, October 3 from 5:30-6:30 pm CST‚Ä¶"
14,Is #drawing on a grid cheating? üòÇ https://t.co/VS6rRmxcSW
15,"RT @bellabee13: As a therapist, I‚Äôm never going to tell someone that anxiety/worrying doesn‚Äôt help &amp; they should just stop worrying. For on‚Ä¶"
16,I looked up freelance content creation rates and some of those are really sad. $8/hr for personalized designs and content work? That makes no sense. Do people realize how long it actually takes to make social media content/post designs??
17,"RT @MentalHealthAm: Last year, @thestallion opened up about the #MentalHealth challenges she faced after losing her parents.

Now, she‚Äôs us‚Ä¶"
18,"RT @ereinbergs: Just a reminder that every time you list a job about school mental health requiring a clinical psych degree, an angel loses‚Ä¶"
19,"RT @miller7: While several organizations have acknowledged and supported #mentalhealth initiatives, the @Colts are among the first franchis‚Ä¶"
20,"RT @brij_williams: If you're applying to #APPIC internships this year, you're likely in the thick of pulling the application together. Chec‚Ä¶"
21,"RT @chris_barry_wsu: Psych folks: if you or one of your students is applying to clinical psych PhD programs, check out this event to be hos‚Ä¶"
22,"RT @JSchleiderPhD: NEW LAB PREPRINT!

We partnered w @utteenhealthSA &amp; the City of San Antonio Metropolitan Health District to culturally-a‚Ä¶"
23,"I tried to piece together some advice for those interested in #SchoolPsychology master's/specialist level programs (blog post here). Hopefully, this is helpful to someone out there! ‚ù§Ô∏è #gradschool

Applying to School Psych Master's/Specialist Programs? https://t.co/1Q0InDdgAV"
24,RT @WillWork4Tenure: @julie_cristello Here is the link to my Google drive folder with all of my graduate school resources: https://t.co/hZo‚Ä¶
25,"RT @julie_cristello: I am still looking for non-clinical students (e.g., school, developmental, I/O, legal, PsyD, Counseling) to share exam‚Ä¶"
26,"RT @julie_cristello: With psych grad school application deadlines approaching, I wanted to share a Google Drive with a number of resources‚Ä¶"
27,"RT @Arielle_C_Smith: üì¢ current/former post-baccs!! I‚Äôm giving a presentation to undergrad RAs about post-bacc positions (what they are, how‚Ä¶"
28,"@lichen_dong Thanks for the suggestion! That's a good one.

As an aspiring school psych, I'm wondering about school-based supports/practices/approaches for these students. Like... MATCH-ADTC but with modules for bipolar disorder, maybe?"
29,"It is great to see sections on #depression treatment approaches, but why is #bipolardisorder overlooked? I'd love to see content on treatment approaches for pediatric &amp; adolescent #bipolar disorder!"
30,"Why does my ""Evidence-Based Psychotherapies for Children and Adolescents"" textbook not have a chapter on #BipolarDisorder? 33 chapters (600+ pages) of content and not a single mention of #bipolardisorder? üëÄ"
31,RT @sarahevictor: Interested in the Texas Tech Clinical Psychology PhD Program? Join us for a virtual open house! See attached flyer for de‚Ä¶
32,RT @PhelpsChavez: I‚Äôm accepting applications for a doctoral student for the 23-24 academic year. If you know anyone interested in social ju‚Ä¶
33,RT @sw4618: 1/x **Resume/CV Advice for Psych** I have been reviewing a lot lately for various reasons. here are some tips that may help. Ju‚Ä¶
34,"RT @nasponline: As Hurricane Ian continues moving onshore, we are sending our thoughts to those in the storm's path. Here are some brief ti‚Ä¶"
35,RT @JLMackelprang: CLOSING FRIDAY SEPT 30TH! We are trying to learn more about #psychologists in #Australia who have lived experience of #N‚Ä¶
36,"RT @Cassie_Boness: Really great commentary by @AndrewDevendorf that uses a personal narrative to discuss how self-relevant research, or hav‚Ä¶"
37,"RT @New2Neuropsych: üí∞ Scholarship opportunity! üí∞

Are you applying to Clinical Psych PhD/PsyD programs this cycle ('22-'23)? 

@TheAACN Stu‚Ä¶"
38,RT @PsychinOut: Most workshops aimed to increase the recruitment retention of marginalized students and trainees in academia focus on concr‚Ä¶
39,RT @erinkaseda: See below for a scholarship opportunity to be awarded $500 to offset the cost of applying to graduate school! @PsychinOut @‚Ä¶
40,RT @nyasp: NYASP is proud to announce our NEW Equity Diversity Inclusion (EDI) Scholarship as a way to support the work of and recognize di‚Ä¶
41,RT @BranJJohnson1: Black youth suicide data for Black Youth Suicide Prevention Week 2022! Why are we doing this? Why create this awareness‚Ä¶
42,RT @ZJAyres: Can we start a thread please of those of you that either took some time away from your PhD (medical leave or otherwise) or qui‚Ä¶
43,"RT @Broken_Devotion: Talk to your kids about intrusive thoughts. They‚Äôre more common than you may realize, and they can be disturbing and s‚Ä¶"
44,"RT @drjanaway: If you could share one piece of advice for protecting your #mentalhealth , what would it be?"
45,RT @jacasiegel: It is difficult to comprehend how serious eating disorders are unless you have experienced one personally or know someone w‚Ä¶
46,RT @jacasiegel: My experience in treatment for anorexia is the driving force behind my research. Many friends from treatment are still in t‚Ä¶
47,"RT @DisabledInPsych: #DIP22TwitterChat Q2. How does ableism impact your work and experiences in psychology, psychiatry, neuroscience, or an‚Ä¶"
48,RT @NeurosciAllgire: Hello fellow disabled academics. I'm trying to gather information about accessibility in graduate school and am wonder‚Ä¶
49,RT @DisabledInPsych: Next up for our #DIP21Recap: Twitter Chats! This thread includes a summary of the live chats hosted during last year's‚Ä¶
50,"A lot of personal statements online are for Ph.D. programs. I think it would be helpful to see ones that are not focused on the research/mentor component. Is there a site with #SchoolPsychology resources for applicants, especially ones looking at the Master's/specialist level?"
51,"Hello! For #SchoolPsychology [Master's/Specialist level] applicants, are there publicly available examples of personal statements? I'm trying to help someone out but it is difficult to find relevant resources. Let me know! @PsychinOut @nasponline #gradschool #AcademicTwitter"
52,"As a previous applicant for #SchoolPsychology programs, I struggled to find relevant resources (ones targeting master's/specialist level application advice for selecting schools, building up strong applications, interviewing, etc). If you know of helpful resources, please share!"
53,@DisabledInPsych No worries!
54,"I've received a few messages about the application process for master's/specialist level #SchoolPsychology programs.

Would it be helpful to piece together some advice and write it up as a blog post?

Let me know! #gradschool #psychtwitter #schoolpsych https://t.co/629PzEXEuK"
55,"@DisabledInPsych Oh, I'm not a Ph.D. student! I'm a MA/SSP student (master's/specialist level program)."
56,RT @margaret_crane1: @julie_cristello @AcademicChatter @PsychChatter @DisabledInPsych @BlackinPsych @PsychinOut @JSchleiderPhD and @CraigAn‚Ä¶
57,"RT @DisabledInPsych: If you're interested in joining #DisabledInPsych, please send us a message or fill out the Google form here [link]: ht‚Ä¶"
58,Either Twitter has picked up on the fact that I am in a #SchoolPsychology program or there are just a TON of people talking about IEPs today... ü§∑‚Äç‚ôÄÔ∏è https://t.co/EGngUpvC9m
59,@TherealmsZ Thank you! üòä
60,RT @DisabledInPsych: We are excited to announce the schedule for the 2022 #DisabledInPsychWeek Primer - a virtual pre-event to co-create th‚Ä¶
61,@markwwilsonmd Thank you so much!
62,Best birthday weekend weather üíô https://t.co/YyR0Pwjrbk
63,"RT @PonziniG: I'm on the #postdoc search! Looking for research-focused positions that begin in late summer/fall 2023. 

My research program‚Ä¶"
64,RT @sasha_zabelski: I‚Äôm happy to chat with anyone that is considering the switch from psych‚û°Ô∏èpublic health or is just interested in PH prog‚Ä¶
65,@RVillareal12 Thanks for sharing! I saw that one NC district had 15k listed and another had a little bit more than that... I heard some places have something more like a teacher's first-year salary. There must be quite some range!
66,@SchoolPsychSam @kanecarlock That's unfortunate. Thanks for sharing that info!
67,"I'm very curious to know what #SchoolPsychology #internship salaries are like in different regions and states.

Do you have a stipend?
Salary?
No pay? üò¨

I'd love to hear from you!"
68,"RT @PsychinOut: Help us reach 5K followers? It‚Äôs that time of year for diverse, non traditional, underrepresent  #psychology #phd applicant‚Ä¶"
69,"RT @DisabledInPsych: We‚Äôre excited for the second annual #DisabledInPsychWeek - a virtual event focused on dismantling ableism in psych, ne‚Ä¶"
70,"Why am I totally fixated on the psychiatry aspect of this scenario for my psychotherapeutic interventions class? Tricyclic antidepressants as their first treatment approach for a 15-year-old with depression?

Not me checking UpToDate... üòÇ https://t.co/snRkNE5hBH"
71,RT @CheriLev: I WILL be accepting a grad student for this years application cycle &amp; I finally got w the times &amp; made a FAQ for applicants‚Ä¶
72,"RT @ChaseTMAnderson: Just a reminder that we‚Äôre still discovering so much about the spectrum that exists in mental illness - depression, et‚Ä¶"
73,RT @gabrielledrolet: ‚Äúmake sure you allow yourself to recover from burnout ‚ú®‚Äù with what time. with what resources
74,"RT @Ryanzoriaa: ‚ö†Ô∏è CALLING ALL NSSI/SUICIDE RESEARCHERS ‚ö†Ô∏è

I am interested in organizing a symposium for the #SRS23 conference on the ethi‚Ä¶"
75,"RT @maxemilysm: I remember panicking to my therapist, pre-diagnoses, that I was somehow making all my illness up.

She gently asked if perh‚Ä¶"
76,"""Alexa, play my 'Behavioral Activation' playlist."""
77,"When you type in ""run"" into the search bar while looking up public running playlists... and Spotify attacks you with *very specific* suggestions. üò≠

Okay, but the list has Taylor Swift, Billie Eilish, Adele, Olivia Rodrigo, Ed Sheeran, Paramore... I might save it for later... ü§£ https://t.co/E5nvczNGGy"
78,Starting practicum in schools under... not ideal circumstances... üëÄ https://t.co/7LrqBB8PgC
79,Time to read up on #activism. ‚ù§ #AliceWong #BookTwitter #advocacy https://t.co/DAp51mTNM7
80,"RT @alisonyarpmd: If these discussions are not part of the medical culture, we will not get anywhere. But we can‚Äôt just talk about it. We h‚Ä¶"
81,RT @alisonyarpmd: 9/17 is National Physician Suicide Awareness Day. Physician mental illness &amp; suicide is all too prevalent but brushed und‚Ä¶
82,RT @GHMansfield: Don‚Äôt confuse disability with weakness.
83,"RT @pedsmd2b: Paging #psychtwitter!

Are there any resources catered to family members/loved ones who want to learn about supporting someon‚Ä¶"
84,RT @_nessiethegreat: Depression is a huge scam. I barely have energy to complete my basic daily tasks. And you‚Äôre telling me that in order‚Ä¶
85,"RT @ralouick: Educator colleagues: this semester, my intro to special education students are particularly interested in learning more about‚Ä¶"
86,"RT @GHMansfield: A request for access by disabled people should never be deemed unreasonable.

Exclusion is unreasonable."
87,RT @ChaseTMAnderson: We deserve a world--and especially a healthcare system--that cares about the mental health of people not only when the‚Ä¶
88,RT @PedsPlntsPepprs: it shouldn‚Äôt take resident physician suicide for yall to notice that medical training is problematic.
89,"RT @stephmanasse: üì£I will be reviewing clinical psychology PhD applications this year for Fall 2023!üì£

My work is focused on improving trea‚Ä¶"
90,#PirateNation üíúüíõüíú https://t.co/Irr2QKI3va
91,RT @jbullockruns: I fight to stay alive. I fight to create a medicine that is safe for people like me. It's nice when other's recognize the‚Ä¶
92,"There are also ways to engage with kids (https://t.co/lVkD3SXDSQ) in #mentalhealth conversations. This is super cool! One way is through a coloring book:

English version (MEET LITTLE MONSTER!):
https://t.co/cMCtKng1gv

Spanish (¬°CONOCE A MONSTRUITA!):
https://t.co/16Aj3Qc25r"
93,There's a #mentalhealth #college guide for students! How awesome is that?? https://t.co/522BBdyXUq @NAMICommunicate ‚ù§Ô∏è
94,"RT @MDinWaiting: In 2020, I implored my med school deans to take student suicidality seriously. I was told to focus less on advocacy. I was‚Ä¶"
95,RT @MDinWaiting: We should make it easier to confront those issues in the first place. Medicine requires so much sacrifice as it is. Workin‚Ä¶
96,"RT @ejardas: I am so excited to announce the‚ú®Fall 2022 Academic Self-Worth Seminar Series‚ú®, designed for marginalized students and trainees‚Ä¶"
97,RT @DocRobPhD23: Anyone interested in #suicide research symposium panel or symposium collab? My teams have content in community-engaged/#pu‚Ä¶
98,RT @DrStephCraig: PSA: There are other routes besides Clinical Psych if you want to work with patients. The number of students I have apply‚Ä¶
99,"RT @NC_School_Psych: Go ahead! Show off your work!! Register for the Poster Session at 2022 NCSPA Fall Conference. #NCSPAFallConf
Link to:‚Ä¶"
100,"RT @karriehiggins: Everyone defending 24-hour shifts as ""important lessons in endurance"" ... This is a disability access barrier. A huge on‚Ä¶"
101,RT @drjessigold: @PhatTanNguyenMD I hope you and your friends get some time to be together and know grief is not linear. You‚Äôre allowed to‚Ä¶
102,"RT @megan_l_rogers: Suicide Research Community: We're back! We are thrilled to announce that #SRS23 will take place on April 26-28, 2023. M‚Ä¶"
103,"RT @AndrewDevendorf: Best news of the day! Our APS symposium on psychologists with lived experience was covered by the APS Observer :)

Let‚Ä¶"
104,"It is so cool to see the ways in which schools support their students! They have a really interesting school-wide program to encourage good behavior (based on ""4 houses"" like in HP). They even have a Data Room to track &amp; monitor student progress! ‚ù§ #schoolpsychology #practicum https://t.co/EJZvfE9vv7"
105,My bookshelf cannot handle any more #books... and yet... üëÄ https://t.co/BvdkndUV6J
106,Not like *every single* headline or research publication... but an overwhelmingly significant chunk of them.
107,"@gacossey Maybe my mind tends to fixate more on negative news, so that could be why I *feel* like it's much more often negative than positive... but I'd really like to see more uplifting headlines..."
108,"I feel like any time I see new research mentioning my condition, it adds to the feeling of hopelessness (e.g., shortened lifespan; increased dementia risk; more comorbidities) rather than hope (e.g., new treatment approaches)."
109,"Someone should study the impact of overwhelmingly negative news (e.g., ""Early-onset dementia was a particular risk for those with a psychiatric diagnosis."") on the mental health of ppl w/ mental illness... Being bombarded w/ bad news really takes a toll. https://t.co/kSpsuDrvRp https://t.co/RxY2iyMTQQ"
110,RT @SchoolPsychLife: What‚Äôs a research article you‚Äôve read that shifted the way you think or practice? Include a link or citation if you ca‚Ä¶
111,"@DrKathrynGordon I watched that documentary; it was a very, very odd situation. Self-forgiveness is so important! I will definitely read it!"
112,"RT @PatrickBloniasz: [1/n] I am offering a free Zoom ""intro to R"" data visualization workshop on November 5th, 2022 after popular demand. S‚Ä¶"
113,RT @PonziniG: Looking for journal recommendations for a longer than usual paper (~8000 words intro - discussion) that is mixed-methods...‚Ä¶
114,"RT @realQrampage: My favorite Pok√©mon are Jolteon, Flareon, Vaporeon, and Bupropion"
115,RT @ClaraMStein: Might also be of interest to some of the @PsychinOut community üëÄüß† feel free to share your own experiences or tips in the c‚Ä¶
116,"RT @ClaraMStein: It's application season üìùüçÇ

So I thought I'd write down a few tips for applying to master‚Äôs in psych &amp; behavioural/cog neu‚Ä¶"
117,RT @DrasmaJabeen1: Research gap types @PhDVoice @PhD_Genie @PhDfriendSana @yourPhDpal #AcademicTwitter https://t.co/3dXdL7wWSD
118,RT @ty_renshaw: üì¢ We're searching for a *tenure-track Assistant Professor* to join our *School Psychology PhD* program in the Psych Dept @U‚Ä¶
119,"RT @CaraLisette: Eating disorders are by their nature very secretive illnesses, but there are lots of subtle signs that somebody might be s‚Ä¶"
120,RT @SaltySicky: There are many ways to handle mental health crises that don't involve cops or involuntary psychiatric care. Access to child‚Ä¶
121,"RT @SaltySicky: It's #WorldSuicidePreventionDay!
As a suicidologist and someone who has experienced chronic suicidality since age 9, I want‚Ä¶"
122,RT @CaraLisette: It‚Äôs a common misconception that asking someone about suicide ‚Äòputs ideas in their head‚Äô. All evidence shows that talking‚Ä¶
123,"RT @Kimmieosborn1: I‚Äôm applying for internship next year, so I‚Äôm organizing a list of #appic sites that focus on eating disorders or at lea‚Ä¶"
124,RT @Nicole_Lee_Sch: If you didn't know that please go read Academic Ableism or Ableism in Academia or check out #WhyDisabledPeopleDropOut.‚Ä¶
125,"RT @nothank_dude: #WhyDisabledPeopleDropOut ‚ÄúYou need to stop making excuses‚Äù. 
‚ÄúI can‚Äôt give special treatment‚Äù

Teachers who don‚Äôt unders‚Ä¶"
126,"RT @frocine: #WhyDisabledPeopleDropOut A thread. As a former faculty member, I have heard several colleagues complain about accommodations‚Ä¶"
127,"RT @Ava_Nicole23: As a disabled person in higher education, I think of the riveting stories I've heard in #WhyDisabledPeopleDropOut quite o‚Ä¶"
128,RT @chronicnotebook: It's world suicide prevention day today. Did you know that the chronically ill and disabled are 3x more likely to stru‚Ä¶
129,RT @Shawpsych: Ooooh. Looks like we will be conducting a TT position search for a #schoolpsychologist for the fall of 2023. Come to Canada.‚Ä¶
130,"RT @CaraLisette: A universal basic income is suicide prevention.

#WorldSuicidePreventionDay"
131,"RT @CaraLisette: Acceptance of trans kids (and adults) is suicide prevention.

#WorldSuicidePreventionDay"
132,"RT @alanasaltz: If your suicide prevention advocacy doesn‚Äôt include chronically ill and disabled people, who as a population have higher ra‚Ä¶"
133,RT @alanasaltz: @tylerblack32 @emily_rj Include disabled people in this kind of advocacy. Chronic pain and illness has been proven to incre‚Ä¶
134,"RT @tylerblack32: 13) Be careful in your advocacy. ""Zero suicide"" language implies that all suicides are preventable and that mistakes/miss‚Ä¶"
135,"RT @tylerblack32: 9) People feel good about ""talk"" campaigns and hashtags, but the time for talk is over. We need more robust social, menta‚Ä¶"
136,"RT @tylerblack32: 6) LGBT+ people, especially youth, are over-represented in ideation, attempts, and death. Create safe and welcome spaces.‚Ä¶"
137,"This study helps demonstrate the power of #LivedExperience - of sharing our stories. It can help provide hope for others! #WSPD #WSPD2022 #SuicidePreventionWeek #SuicidePreventionMonth

https://t.co/TvivlytTUs

https://t.co/4D1aMXp9Lv https://t.co/MLqTSxTeCm"
138,"""This study demonstrates that reading user-generated narratives about experiences with and recovery from suicidal thoughts/behaviors may be an effective and scalable way to help people experiencing suicidal thoughts."" #LivedExperience #WSPD @TheMightySite  https://t.co/Jhsc5roKAV https://t.co/cZdO09UQ7T"
139,"For those interested in suicide safety plans, there are numerous resources online. I'll link a few below:

General Worksheet: https://t.co/LlBQB1s6Uv

Guide for Veterans: https://t.co/zuwqgT1hW4

Guide for Clinicians: https://t.co/CEnjIc0Bvb"
140,"RT @PonziniG: If you yourself are having suicidal thoughts or behaviors, dial 988 ‚òéÔ∏è

If you see a therapist &amp; have thoughts about suicide,‚Ä¶"
141,"A ""safety plan"" is a great resource/tool for those who have suicidal thoughts!‚ù§Ô∏è

NOTE: Safety plans are NOT the same as ""no-suicide contracts""... Such contracts ""have no empirical support for their effectiveness in the clinical environment."" https://t.co/tk1MHesZ63
#WSPD https://t.co/S0qr7oW7P8"
142,"RT @PonziniG: If you notice these signs in friends or family, ask if they feel safe or are having thoughts about suicide.

If self-harm see‚Ä¶"
143,"RT @Vedica_Podar: In addition to sharing helpline numbers, you know what's also #SuicidePrevention? 
üåª Believing &amp; validating people who op‚Ä¶"
144,RT @dralfiee: I am just ü•π ü•π about this @theGrio feature. To go from a postdoc ‚Äòmentor‚Äô telling me ‚ÄúWhat is this mess?‚Äù In reference to my p‚Ä¶
145,RT @DrAmandaMcGough: Today is #WorldSuicidePreventionDay. Let‚Äôs all work together to create a World Without Suicide. Anyone can help save a‚Ä¶
146,"RT @ajetsetgirl: Got pulled aside at security because I had, and I quote, ""an abnormal number of books""."
147,"Telling your own story about #suicidality or #suicide loss is a very personal choice. If you choose to do so, there are some resources that can help guide you. #LivedExperience #WSPD #WSPD2022  https://t.co/CqSSzpwgZG"
148,"Use this time to elevate the voices of others. There are ways to incorporate #LivedExperience into your #advocacy efforts! #SuicidePrevention #SuicidePreventionDay #WSPD #WSPD2022 

https://t.co/ShjORh6qQV"
149,"Use this time to educate yourself about #suicide. The topic is often avoided, yet this avoidance can be costly. Progress cannot be made without having difficult discussions. #SuicidePreventionMonth #WSPD https://t.co/dt5zH2Mxfj"
150,"This month is Suicide Prevention Month. #SuicidePreventionAwarenessMonth #SuicidePreventionMonth 

Check out @SPRCtweets' Ideas For Action for Suicide Prevention Month: 
https://t.co/i31de7waVf https://t.co/0i3aJb2JXa"
151,"Also, this week is National Suicide Prevention Awareness Week (9/4 - 9/10). #NationalSuicidePreventionWeek https://t.co/Xsqco8kcsx"
152,Today is #WorldSuicidePreventionDay! https://t.co/2RSkAQao0p #WSPD #WSPD2022 https://t.co/BJ3k8V1Mc3
153,RT @YMHCanada: #wspd #wspd22 #WorldSuicidePreventionDay #WorldSuicidePreventionDay2022 #SuicidePrevention #mentalhealth #hope #ymhc https:/‚Ä¶
154,"RT @arasrinagesh: To those applying to #PhD programs in #Psychology:
Just remember if you don't get in this application cycle, it's NOT YOU‚Ä¶"
155,RT @ThisBeLi: ü•∫ https://t.co/hJhguLtsrU
156,"RT @DrMarinaHarris: In your opinion, what is the most important quality in a therapist?

#MentalHealthAwareness #psychtwitter #therapistsco‚Ä¶"
157,"RT @JSchleiderPhD: Anyway here's the mental health resource, which continues to be available anonymously/freely to all LGBTQ+ young people‚Ä¶"
158,I'm so trendy. üòÇ#schoolpsychology #schoolpsych https://t.co/AFL8t1ZWre https://t.co/78WSGy05hL
159,"@andreakaniuka @blackgaydoc Absolutely! I'm doing a master's/specialist program (MA/SSP). I don't know if the student is interested in master's/specialist-level or doctoral-level ones... I can try to help! Additionally, they can reach out to the school-psychology @PsychinOut Slack (https://t.co/M29r8xWlDk)."
160,‚úîÔ∏è First day of practicum for #schoolpsychology
161,So many people have spoken out about #therapy recently &amp; that's awesome. ü•∞
162,"Me on the grad student panel at orientation discussing #mentalhealth resources &amp; services: ""You don't need to wait until you've 'hit rock bottom' before seeking out help."" ‚ù§ https://t.co/dWPieanete"
163,RT @SimuLiu: You guys realize your life doesn't have to be on the verge of total collapse to be in therapy right? Like you can literally ta‚Ä¶
164,RT @NC_School_Psych: Mark your calendars for Our Annual NCSPA Fall Conference taking place: October 23-25 in Cary! Registration is now open‚Ä¶
165,"RT @NC_School_Psych: For our wonderful graduate students gearing up to apply for internship, please join our internship workshop on Septemb‚Ä¶"
166,RT @DrAmandaMcGough: Means security matters in suicide prevention and can create time between suicidal urges and finding a way to live.  Fi‚Ä¶
167,"RT @JanelCubbage: Fatigue is a protective mechanism the body uses to prevent you from overdoing it and keep harm from occurring. 

Listen t‚Ä¶"
168,"Life is too short to worry about if it is ""too early"" to put up decor that makes you happy. #spookyseason ü§∑‚Äç‚ôÄÔ∏è https://t.co/FSHAO4Jlg5"
169,How to Talk to Your Teen About #Suicide | NAMI: National Alliance on Mental Illness @NAMICommunicate #SuicidePreventionWeek #SuicidePrevention #SuicidePreventionAwarenessMonth   https://t.co/wB202wdbeQ
170,RT @SofiaSytniak: It‚Äôs that time of year again! I am happy to share my app materials for clinical psych Ph.D. programs and chat about apps.‚Ä¶
171,"RT @DrAmandaMcGough: This National Suicide Prevention Week, learn the signs someone's at risk for suicide https://t.co/dS5Hysbu25"
172,RT @environmentpain: Is it too controversial to write about ableism in academia in my MSW application writing sample?
173,"RT @CaraLisette: Thoughts about relapse are very very common in eating disorder recovery, but that doesn‚Äôt mean relapse is inevitable. Here‚Ä¶"
174,RT @arianaelena97: How can we make a broken system better when those in power won‚Äôt listen and/ or acknowledge points and ideas people brin‚Ä¶
175,"RT @arianaelena97: I politely pointed out that something is ableist, saying I have disabilities that people necessarily ‚Äúsee‚Äù so we can hav‚Ä¶"
176,@sasha_zabelski Such a beautiful wall color!
177,RT @Slate: Abortion access is a critical part of mental health care. https://t.co/C7mv0IYO86
178,"""...for people living w/ #mentalillness, #abortion bans will have a devastating impact on #mentalhealth by making medication choices much more complicated and fraught.""

I was pleasantly surprised to come across this article (as someone also on Depakote). https://t.co/1Gl8Uu1F1k"
179,RT @jbullockruns: I wish during my darkest moments I'd known someone who had survived the worst of bipolar disorder...I wish I‚Äôd known that‚Ä¶
180,RT @YMHCanada: #SuicidePreventionMonth #SuicidePrevention #SuicideAwarenessMonth #MentalHealthMatters #CRISIS #ymhc https://t.co/ptade4A9JX
181,RT @electrifying: september is #SuicidePreventionMonth https://t.co/9hpaC68nAo
182,"RT @Stephan16203107: We are here for the one life we have. 
Don‚Äôt give up. You are Loved. 
You are here for a reason.
#SuicidePreventionMon‚Ä¶"
183,"RT @PPTheLove: ""When we say 'We're not going to talk about suicide,' it's really more for adult comfort ‚Äì out of sight, out of mind. But in‚Ä¶"
184,RT @NewHarbinger: In honor of #SuicidePreventionMonth we are doing a giveaway - 'The Suicidal Thoughts Workbook' and 'Overcoming Suicidal T‚Ä¶
185,"RT @988Lifeline: Today kicks off #SuicidePreventionMonth! Join us this month as we share suicide prevention resources, information, and mor‚Ä¶"
186,RT @ThrivingSP: September is #suicidepreventionmonth. School psychologists are available to support kids with their emotional needs during‚Ä¶
187,RT @ShacklewoodT: Hi! I am interested in applying to the APA Minority Fellowship Program this Fall. I was wondering if anyone who has recei‚Ä¶
188,"RT @MatthewPHoh: An estimated 4,000 kids in the #Charlotte area are starting school right now without stable housing. We must recognize tha‚Ä¶"
189,"@DrMarinaHarris Or... is ""revenge bedtime procrastination"" actually normal now? Note: That term makes it sound evil. üòÖ

https://t.co/Ol5Sn5uunu"
190,@DrKathrynGordon Yay! ‚ù§
191,I have my first meeting today with my practicum supervisor.  üëÄ
192,RT @Ri_Bipolar: Has anybody ever filed for disability with Bipolar disorder? What are your thoughts.. @BipolarClubDx #bipolar #Disability
193,I'm obsessed with this #kitten who has been visiting my yard these past few days. ‚ù§ https://t.co/j5VpxGVUxT
194,RT @andreakaniuka: I have an undergraduate student interested applying for graduate programs next year doing trans health research. They ar‚Ä¶
195,"Apparently the grilled cheese sandwich was better than the soup. üòÖ #RecipeOfTheDay #recipe

Recipe minus the pesto part: https://t.co/wXyOhIfbVw https://t.co/GX0L4jqwsZ"
196,"Sick sibling today. COVID? Flu? Cold? So many ""fun"" possibilities. üôÉ

Trying out this roasted tomato soup recipe. Might not *cure* anything, but it can't hurt. üòÖ #RecipeOfTheDay #cooking #soup 

https://t.co/wXyOhIxl9E https://t.co/cYrRY1P6QY"
197,"@drjessigold @DrDevikaB As someone who also has this diagnosis, this made my day. ‚ù§"
198,"RT @drjessigold: @jbullockruns @DrDevikaB You and Devika are showing people that not only is it ok to be a doctor w mental illness, that me‚Ä¶"
199,"RT @DrDevikaB: I know without a doubt that experiencing bipolar disorder has made me a vastly better doctor, leader, colleague, partner, pa‚Ä¶"
200,"RT @DrDevikaB: Crucially, experiencing the full spectrum of human experience also gives us the gift of true empathy ‚Äî and we learn how to s‚Ä¶"
201,"RT @DrDevikaB: Centuries ago, my son‚Äôs namesake, Rumi, wrote: ‚ÄúThe wound is the place where the light enters you.‚Äù

Our struggles can becom‚Ä¶"
202,"RT @DrDevikaB: I'm CA's Acting Surgeon General. Today, I'd like to publicly share my journey with bipolar disorder.

Stigma festers in the‚Ä¶"
203,"RT @drjessigold: ‚ÄúI am not who I am today despite having bipolar disorder, but because of it. Experiencing bipolar disorder has made me a b‚Ä¶"
204,"I was texting ""anti"" (spelling out antioxidants) and my phone was suggesting both ""antipsychotics"" and ""antidepressants""... which says a lot about what I talk about all of the time, I guess. üòÖ Not common suggestions like ""antibiotics"". Nope. Not for me."
205,"RT @DrHowardLiu: As a child psychiatrist, I know that the return to school is a time of high anxiety for many kids. 

This is a time when t‚Ä¶"
206,@markwwilsonmd Hope they get the message üòÖ
207,"@realQrampage 1. Hate this for you. Why can't people just be kind? üôÉ
2. Hate that needing inpatient psych services (Not that you do need them!) is even used as an insult/mean joke/whatever this even is..."
208,RT @PonziniG: PSA: I will happily share my internship application materials (including spreadsheets for choosing sites/ranking) with any cl‚Ä¶
209,"If people have lunch meal prep ideas, let me know! ‚ù§

Made butternut squash/spinach lasagna &amp; butternut squash curry this past weekend (both freezer friendly - good for making in advance). Made a ""protein box"" type thing today. #Lunchtime #Mealprep https://t.co/8Ha0ZPZ2yM"
210,"RT @DrAmandaMcGough: #TherapistTwitter, what /who are your best resources for addressing vicarious trauma and preventing burnout in our fie‚Ä¶"
211,RT @ChaseTMAnderson: We deserve a society that understands that someone‚Äôs mental illness is only one part of the whole person.
212,"RT @njoybetz: If universities insist on paying PhD students below the poverty line, they need to acknowledge the reality that students can‚Äô‚Ä¶"
213,RT @njoybetz: What I‚Äôve suggested here are band-aids. The low grad stipends are already pushing out students from lower SES and will contin‚Ä¶
214,"RT @njoybetz: If you know that your school‚Äôs stipend is below a living wage, please be upfront with students that they will likely have to‚Ä¶"
215,RT @ShannonSevigny: ‚ÄúQuiet Quitting‚Äù is literally ‚ÄúSetting Boundaries‚Äù
216,"RT @jacasiegel: Notes on the ""freshman 15"":
-Fear mongering about weight gain is explicitly fat phobic.
-On average, students gain only 2-5‚Ä¶"
217,"Surrounded by lost students who are fresh out of high school... 

One of those lost students was my little sibling on their first day of college. üòÖ https://t.co/vvFU9s3kf6"
218,RT @ChaseTMAnderson: Just because someone has a mental illness doesn‚Äôt mean they‚Äôre in acute danger all the time - recognize when you‚Äôre pr‚Ä¶
219,@TherealmsZ Thanks! I liked both of them!
220,"Made these two @workweeklunch recipes today! #RecipeOfTheDay #recipe #cooking #mealprep

https://t.co/kXtnHBy9T9
https://t.co/NavcRugv9Q"
221,"Not me spending my last day before school starts doing hours of meal prep. üíÄ

These recipes require half a butternut squash each, so I got one precut butternut squash package &amp; made them at the same time:
Butternut Squash &amp; Spinach Lasagna
Creamy Butternut Squash Curry Over Rice https://t.co/TNGaPQzS7e"
222,"What are some things incoming students should consider when it comes to #mentalhealthsupport?

Tips for accommodations? Disclosure (when to open up or to who)? How to find local #mentalhealth resources in a new setting? #bipolar #depression

https://t.co/Faygcs3o90"
223,"Do you have specific tips for incoming students with #mentalhealth conditions? Let me know!

I'm glad to see that this topic is being more openly discussed but there is still so much work to do! #MentalHealthMatters #bipolardisorder #depression

https://t.co/9RUoNp604B"
224,"What are your #mentalhealth tips for incoming college and grad students? Let me know! #MentalHealthMatters #StudentMentalHealth 

7 Mental Health Tips for Incoming Graduate Students https://t.co/ea6vFBtLJd"
225,RT @StynaLane: Please don‚Äôt deprive yourself of community (and accommodations!!) because you‚Äôre worried that you‚Äôre not ‚Äúdisabled enough‚Äù t‚Ä¶
226,"RT @CREST_BD: STUDY NOW OPEN! üì± Live with #bipolar? Be the first to try our new app for bipolar disorder.

The PolarUs app helps you learn‚Ä¶"
227,Tah-dah! https://t.co/jUm6ftkxUF
228,"Yeah, I totally have hot Saturday night plans. 

The plan:
https://t.co/AzBNXPt7yg #RecipeOfTheDay #recipe #cooking https://t.co/rzwiWbHL4Z"
229,RT @CaraLisette: I got mine for free ü•∞
230,"RT @ChaseTMAnderson: Support people living with mental illness.

Support policies that support people living with mental illness.

Support‚Ä¶"
231,@realQrampage I thought a previous tweet meant you had 3 dates in *one* night. üòÖ
232,"I actually made one of the hundreds of my saved Instagram recipe posts today... üòÖ 

Creamy cherry tomato pasta (w/ crushed red pepper for a kick &amp; garlic bread sticks) #Cooking
#pasta #RecipeOfTheDay

https://t.co/w8WEk8WNhi https://t.co/KCJ5upIGWk"
233,"RT @JessSprengleLPC: Jenette McCurdy's ""I'm Glad My Mom Died"" is a profound and honest account of abuse and exploitation that we don't see‚Ä¶"
234,RT @MonicaLMolinaro: SO REALLY TO DISMISS QUALITATIVE RESEARCH BECAUSE IT ISN'T GENERALIZABLE DOESN'T MAKE SENSE BECAUSE THE INTENT OF QUAL‚Ä¶
235,RT @kristuhhhh: I need there to be a school psychologist on #AbbottElementary . How classic would that be @nasponline @TheBlackSPs @quintab‚Ä¶
236,"RT @JanelCubbage: We deserve interventions that are built for us from the ground up, not ones that are just ‚Äúculturally-adapted‚Äù after the‚Ä¶"
237,"RT @BecomingDrHines: I‚Äôve seen other medical students doing this so we might as well start a PSYCHIATRY version‚Ä¶

If you love your psychiat‚Ä¶"
238,üíúüíõüíú #GoPirates https://t.co/BU6fooA6hj
239,Introducing today's Current Graduate Student Panelist: Ms. Pumpkin üòÇ #FallVibes https://t.co/EgizxNPkZY
240,RT @CaraLisette: Personal attacks from either side are not okay - this is an issue that affects people deeply and everyone has reasons to f‚Ä¶
241,"RT @JanelCubbage: What do you consider to be hot button issues within the field of #suicidology?

#TherapyTwitter #SuicidePrevention"
242,"RT @PsychinOut: 8 Questions to Answer before Applying to Grad School in Psych! Sample answers, tips, and resources from successful applican‚Ä¶"
243,Scholastic Book Fair day levels of excitement from today's packages. ‚ù§ #ImGladMyMomDied https://t.co/Cm7Ts0EzDb
244,Adorable #schoolpsychology planner &amp; laptop stickers are most definitely a required school purchase for the upcoming semester. I mean... look at them.  üòç https://t.co/Tp9zRknoHW
245,"RT @metraux_julia: I'm just a chronically ill person, sitting in front of my computer, frustrated that many online/hybrid events stopped.‚Ä¶"
246,@DystOptimist Exciting! This is SC.
247,august (Anja's Version) https://t.co/h5pXgoQUXA
248,RT @Sutapa2712: Can anyone get me in touch with someone who‚Äôs doing their masters or PhD in clinical psychology from Australia? #internatio‚Ä¶
249,"RT @GHMansfield: Woman in pharmacy to me, a wheelchair user; ‚ÄúI couldn‚Äôt live with what you do. Being in a wheelchair is not a life. I‚Äôd ra‚Ä¶"
250,"RT @grodriguezlemus: Tip for graduate students: Read outside your discipline, take classes outside your discipline, and engage with scholar‚Ä¶"
251,I have problems... A) Not enough bookshelf space. B) Not enough money for all the books I want to own. ü§£
252,RT @npcrowe: Anyone have good recommendations for books/memoirs that would be good for an intro to Medical Humanities course?
253,"Me: I *WILL* stop buying books.
Also me: üëÄ https://t.co/VuB5mKNftk"
254,RT @DrCamilaPulgar: #SuicideResearchers What are your favorites #suicide related conferences to attend and present your work?
255,RT @CaraLisette: Recovery on social media so rarely looks like recovery in real life. Nobody should feel pressured to share their distress‚Ä¶
256,"RT @drjessigold: In case you want to hang and chat tomorrow.....

Some good articles on this as well:
https://t.co/xwLTsJhRRg

https://t.co‚Ä¶"
257,"RT @marieclaire: As in many Asian American immigrant homes, wellness wasn‚Äôt a part of @mindykaling's childhood. The themes that have come t‚Ä¶"
258,"Meal prep attempt: tomorrow's &amp; today's  lunch. Should've stuck with just deconstructed sushi rolls/bowls bc I don't know how to actually make sushi rolls... üòÇ

https://t.co/tNXfyLlaok https://t.co/IONTBxGCVD"
259,"RT @jackiethelight: For those interested - here is my poster from #APA2022 :)

Canva just may be THAT girl... üôà https://t.co/cRzJhI9eEb"
260,"RT @nasponline: If ignored, mental health problems can interfere with children's learning, development, relationships, and physical health.‚Ä¶"
261,"RT @SFreedenthal: Excellent thread, &amp; many comments are gold, too.

Trying to persuade a suicidal person they‚Äôre wrong can lead to power st‚Ä¶"
262,RT @AnnalieseNeaman: Since I began studying psychology I have been unable to get a position as a research assistant due to my lack of exper‚Ä¶
263,"@PonziniG People's responses on Twitter to their experiences with CBT practices have made me question how often CBT is being practiced in a culturally-informed, anti-oppressive, trauma-informed, and validating manner."
264,"@PonziniG I've heard that some people think it feels invalidating. I'm unsure if some variation (e.g., TF-CBT) would be a better fit. E.g., If someone is bringing up racial trauma &amp; oppression, challenging those ""negative"" thoughts may not be appropriate... https://t.co/DAT8TRrLjY https://t.co/5EpWPw81PA"
265,"@realQrampage I think a lot of the bios mentioning exercise (e.g., ""looking for a gym/hiking buddy"") are just code for ""if you're not super thin, I'm swiping left""."
266,Back in NC ‚ù§ https://t.co/giYUDaiLoj
267,"RT @BecomingaThera: Hey #TherapistTwitter,

what 1-3 books would you suggest a new therapist read their first year?"
268,"RT @nasponline: Angela Mann, FASP President, guest writes for The Florida Times Union about racism in Florida schools. She encourages engag‚Ä¶"
269,RT @SchoolPsychLife: One of the reasons this piece is so powerful is because Dr. Mann is speaking up and out against racism in a state that‚Ä¶
270,RT @K_GuyonHarris: üëãüèº #AcademicTwitter Just hired my 1st ever employee- a super üåü RA with amazing initiative. I want to build a lab where f‚Ä¶
271,"RT @DrNidaMirza: ‚ÄúEating disorders, including anorexia nervosa, bulimia nervosa and binge eating disorder, are some of the most fatal menta‚Ä¶"
272,"RT @McDuesenberg: ‚ÄºÔ∏èCalling all school psychologists, SpEd teachers, and elementary education teachers who are currently practicing OR in t‚Ä¶"
273,"@BecauseIMatter I understand the need to voice concerns about misdiagnoses or overdiagnosing (common concerns), but this isn't the way to go about it. It seems to invalidate the diagnostic process entirely as well as minimize people's experiences."
274,"@drjessigold @iamjohnoliver I knew when I saw the video in my suggestions that a) I needed to watch it ASAP, b) it would make me so mad about the state of everything, &amp; c) it would have so many good points."
275,@BecauseIMatter It's surprising the sheer amount of inaccurate info that can fit within 280 characters. üëÄ
276,FACT SHEET:  Biden-Harris Administration Announces Two New Actions to Address Youth Mental Health Crisis https://t.co/Nu2nG1qzBv via @whitehouse
277,"RT @drjessigold: ‚ÄúIf we want to be a society that truly respects and values mental health, we have to respect and value mental health care‚Ä¶"
278,"RT @ZJAyres: I don't think I should need to say this but no-one should have to prove they are disabled ""enough""."
279,"RT @nainikahira: @PsychinOut is a global resource hub of 2,000+ aspiring and current researcher and practitioner students (many Ph.D. train‚Ä¶"
280,"So many frustrating problems around #mentalhealth care...

Mental Health Care: Last Week Tonight with John Oliver (HBO) https://t.co/6vNxlubmW7 via @YouTube"
281,"Alexa, play august by Taylor Swift."
282,"@drlindanp @DrMarinaHarris #Selfcare is important! ‚ù§Ô∏è 

However, it's frustrating to see workplaces fail to acknowledge their role in causing #burnout. Self-care alone can't undo the stress of 80-hr workweeks. Suggesting self-care w/o addressing the source can seem like putting a bandaid on a bullet wound."
283,"@ac_robers @BobsBurgersFOX Congratulations!!! Also, that is so creative!"
284,"@DrMarinaHarris If a ton of ppl in a field are experiencing burnout, that's not an individual issue; it's a systemic issue (e.g., overworked). The solution should address the source of burnout. The self-care ""solution"" places the blame on individuals (""just try harder"") rather than the source."
285,"RT @DrMarinaHarris: Prescribing ""self-care"" for burnout is victim blaming. Full stop."
286,"RT @Tinu: I‚Äôm so tired of the assumption that disabled workers aren‚Äôt productive. 

And productivity culture."
287,RT @SchoolPsychLife: When I was given the chance to share important stories with @NPR I had to advocate for more Black male School Psycholo‚Ä¶
288,"RT @EveRosenfeldPhD: I heard we're ready for #ApologyGate memes now? Here are 17 memes (for 17 articles on ""conversion therapy""). I made th‚Ä¶"
289,"RT @PhilOfLife_: ""If You‚Äôre Often Depressed, Read This""

Psychology Thread https://t.co/Ljdhmbavpo"
290,"RT @Ryanzoriaa: Come join our fantastic lab! We have many ongoing projects, including a study I recently finished collecting data on focuse‚Ä¶"
291,"RT @DocRobPhD23: I will recruit a #PhD student w #suicideprevention, #LGBTQ #mentalhealth, or #HateCrime research interests for fall '23. #‚Ä¶"
292,Few Black men become school psychologists. Here's why that matters https://t.co/Plu7ypMExa #schoolpsychology #psychology
293,"Would it be okay to email to ask the author(s) of a study to share their study's questionnaire? üëÄ

The authors stated the *number* of items taken from other inventories/questionnaires/scales, but that doesn't tell me specifically *which* items they included in their own study..."
294,RT @juliaaccase: I led a workshop on one of my favorite therapy tools this morning: safety planning (SP)! SPs get a lot of flack (‚Äúthis is‚Ä¶
295,"RT @fortesalatifi: working on a feature for @TeenVogue about what it means to be young &amp; sick

what is it like to be chronically ill/disabl‚Ä¶"
296,"@drjessigold Is it trending again? Already?

One of the only times that I actually liked a depression hashtag was when people were using it to explain their own experiences of depression (#DepressionFeelsLike).

https://t.co/H2n1k4uO5t"
297,"RT @nasponline: Introducing, the 2022 National School Psychology Week theme: ""Together We Shine!"" Join us November 7-11 to celebrate hope a‚Ä¶"
298,RT @bwisco: Psych twitter: I‚Äôm looking for a single session intervention for promoting wellness/preventing burnout in medical residents.  I‚Ä¶
299,RT @HeyChristaMarie: Accessibility for disabled people isn't only about wheelchair users.
